ROWID,fir_rowid,ipc_rowid
1,1,10
2,2,16
3,3,4
4,3,21
5,4,26
6,5,18
7,5,11
8,6,2
9,6,5
10,6,21
11,7,16
12,7,14
13,8,16
14,8,14
15,8,27
16,9,10
17,10,1
18,11,16
19,11,27
20,12,29
21,13,22
22,13,21
23,14,28
24,15,4
25,15,5
26,15,21
27,16,7
28,16,21
29,17,23
30,17,22
31,18,4
32,18,20
33,19,6
34,19,20
35,19,21
36,20,10
37,21,16
38,21,14
39,22,10
40,23,19
41,23,20
42,23,21
43,24,16
44,24,27
45,24,26
46,25,12
47,25,13
48,26,16
49,27,16
50,27,15
51,27,27
52,28,7
53,29,16
54,29,14
55,30,18
56,30,11
57,31,10
58,31,21
59,32,29
60,33,2
61,34,24
62,35,16
63,35,15
64,35,27
65,36,24
66,37,16
67,38,4
68,38,5
69,38,20
70,39,18
71,39,11
72,39,17
73,40,22
74,41,4
75,42,18
76,42,11
77,43,7
78,43,21
79,44,10
80,45,10
81,45,21
82,46,28
83,47,16
84,47,14
85,48,7
86,49,26
87,49,20
88,50,4
89,50,5
90,50,20
91,51,19
92,52,24
93,53,24
94,54,16
95,54,14
96,55,6
97,55,21
98,56,6
99,56,20
100,56,21
101,57,10
102,58,10
103,59,4
104,59,5
105,59,21
106,60,29
107,61,7
108,62,10
109,63,24
110,64,6
111,64,20
112,65,4
113,65,5
114,66,6
115,66,20
116,67,4
117,67,5
118,67,20
119,68,10
120,69,24
121,70,1
122,71,7
123,71,21
124,72,10
125,72,12
126,72,21
127,73,2
128,74,18
129,74,11
130,75,19
131,76,29
132,77,12
133,77,21
134,78,18
135,78,11
136,78,17
137,79,19
138,79,20
139,80,19
140,81,4
141,81,5
142,81,20
143,82,10
144,83,24
145,84,10
146,84,12
147,85,16
148,86,12
149,86,21
150,87,10
151,88,1
152,89,10
153,90,16
154,90,27
155,90,26
156,91,10
157,92,10
158,93,8
159,93,21
160,94,10
161,94,12
162,95,29
163,96,16
164,96,14
165,97,10
166,98,10
167,98,21
168,99,18
169,99,11
170,100,16
171,101,19
172,101,21
173,102,18
174,102,11
175,103,29
176,104,16
177,105,29
178,106,6
179,106,20
180,107,8
181,107,21
182,108,26
183,108,21
184,109,18
185,109,11
186,109,17
187,110,10
188,111,2
189,111,21
190,112,16
191,112,14
192,113,10
193,114,22
194,114,21
195,115,4
196,115,21
197,116,16
198,117,16
199,118,4
200,118,20
201,119,4
202,120,10
203,121,10
204,122,2
205,123,19
206,123,20
207,123,21
208,124,10
209,125,16
210,125,14
211,126,19
212,126,20
213,127,2
214,127,21
215,128,10
216,128,12
217,129,10
218,130,8
219,131,10
220,132,16
221,133,16
222,134,10
223,135,26
224,136,10
225,136,21
226,137,6
227,137,21
228,138,19
229,139,10
230,139,21
231,140,10
232,140,12
233,140,21
234,141,4
235,141,20
236,142,16
237,142,14
238,142,15
239,143,6
240,143,20
241,144,10
242,145,24
243,145,25
244,146,4
245,147,23
246,148,28
247,149,10
248,149,12
249,150,4
250,151,16
251,151,14
252,152,4
253,152,21
254,153,2
255,153,21
256,154,16
257,154,15
258,155,7
259,155,21
260,156,10
261,157,4
262,157,21
263,158,29
264,159,8
265,160,10
266,161,28
267,162,4
268,163,7
269,164,26
270,164,16
271,165,16
272,165,27
273,165,26
274,166,19
275,166,20
276,167,10
277,168,26
278,168,20
279,169,16
280,169,14
281,170,7
282,171,1
283,171,21
284,172,16
285,172,14
286,173,7
287,174,16
288,174,27
289,175,16
290,175,14
291,176,23
292,176,4
293,177,24
294,178,16
295,178,27
296,179,16
297,179,27
298,180,28
299,181,18
300,181,11
301,181,17
302,182,28
303,183,7
304,183,21
305,184,29
306,185,4
307,186,19
308,187,16
309,187,27
310,188,16
311,188,27
312,188,26
313,189,10
314,190,10
315,191,10
316,192,8
317,193,23
318,193,22
319,193,4
320,194,22
321,195,16
322,196,10
323,197,10
324,197,12
325,198,10
326,199,23
327,199,22
328,200,28
329,201,10
330,202,1
331,203,8
332,203,21
333,204,10
334,205,16
335,205,27
336,206,24
337,207,29
338,208,16
339,208,27
340,209,10
341,210,10
342,211,10
343,211,12
344,211,21
345,212,24
346,213,10
347,214,8
348,215,10
349,216,26
350,217,4
351,217,5
352,218,29
353,219,16
354,219,14
355,220,1
356,220,21
357,221,1
358,221,21
359,222,16
360,222,14
361,223,10
362,224,23
363,225,10
364,226,10
365,227,10
366,228,24
367,229,8
368,230,10
369,230,12
370,230,21
371,231,29
372,232,24
373,232,25
374,233,16
375,233,14
376,233,15
377,234,18
378,234,11
379,235,18
380,235,11
381,235,17
382,236,18
383,236,11
384,236,17
385,237,10
386,238,24
387,239,26
388,239,16
389,240,28
390,241,10
391,242,10
392,243,6
393,243,20
394,243,21
395,244,4
396,244,20
397,245,18
398,245,11
399,246,10
400,247,10
401,248,18
402,248,11
403,248,17
404,249,29
405,250,10
406,251,10
407,252,10
408,253,10
409,254,24
410,255,18
411,255,11
412,256,16
413,256,27
414,257,7
415,257,21
416,258,4
417,258,5
418,258,20
419,259,10
420,260,28
421,261,4
422,261,5
423,261,20
424,262,4
425,262,21
426,263,16
427,263,27
428,264,10
429,265,19
430,266,16
431,266,14
432,267,6
433,267,21
434,268,18
435,268,11
436,269,23
437,269,4
438,270,10
439,271,6
440,271,20
441,271,21
442,272,4
443,272,5
444,272,20
445,273,22
446,273,21
447,274,4
448,274,5
449,275,26
450,275,16
451,276,10
452,276,12
453,276,21
454,277,19
455,277,20
456,277,21
457,278,10
458,278,12
459,279,6
460,279,20
461,280,18
462,280,11
463,280,17
464,281,2
465,282,7
466,283,4
467,283,21
468,284,16
469,285,26
470,286,19
471,286,20
472,286,21
473,287,26
474,288,28
475,289,18
476,289,11
477,289,17
478,290,10
479,291,4
480,292,10
481,293,7
482,294,12
483,294,21
484,295,6
485,296,28
486,297,6
487,298,26
488,299,10
489,299,12
490,299,21
491,300,4
492,300,5
493,300,20
494,301,10
495,302,23
496,302,22
497,303,1
498,303,21
499,304,18
500,304,11
501,305,10
502,306,28
503,307,28
504,308,4
505,308,20
506,309,10
507,310,2
508,310,5
509,310,21
510,311,19
511,312,26
512,313,10
513,313,12
514,314,18
515,314,11
516,314,17
517,315,10
518,316,16
519,317,16
520,318,24
521,319,16
522,319,27
523,319,26
524,320,10
525,320,21
526,321,18
527,321,11
528,322,29
529,323,24
530,324,19
531,325,29
532,326,29
533,327,1
534,327,21
535,328,16
536,328,27
537,329,19
538,330,8
539,331,4
540,331,20
541,332,16
542,332,27
543,332,26
544,333,12
545,333,21
546,334,16
547,334,27
548,335,10
549,336,16
550,337,16
551,337,14
552,337,27
553,338,24
554,339,22
555,339,21
556,340,4
557,340,5
558,341,16
559,341,14
560,342,19
561,343,4
562,343,5
563,343,20
564,344,10
565,345,10
566,346,18
567,346,11
568,347,4
569,347,5
570,348,1
571,349,10
572,350,7
573,350,21
574,351,18
575,351,11
576,351,17
577,352,28
578,353,6
579,353,20
580,354,4
581,354,21
582,355,10
583,356,4
584,356,5
585,356,20
586,357,4
587,357,5
588,357,21
589,358,26
590,358,16
591,359,2
592,359,21
593,360,18
594,360,11
595,361,19
596,361,20
597,361,21
598,362,10
599,363,8
600,364,24
601,365,28
602,366,29
603,367,28
604,368,10
605,368,12
606,369,19
607,369,20
608,370,16
609,370,27
610,371,29
611,372,23
612,373,10
613,374,10
614,375,19
615,376,28
616,377,18
617,377,11
618,377,17
619,378,16
620,378,27
621,379,19
622,380,6
623,380,21
624,381,24
625,382,26
626,382,16
627,383,2
628,383,5
629,384,10
630,385,16
631,385,27
632,386,4
633,386,5
634,387,16
635,387,27
636,388,1
637,389,29
638,390,4
639,390,20
640,391,19
641,391,20
642,392,16
643,392,27
644,393,24
645,394,24
646,394,25
647,395,10
648,396,28
649,397,4
650,398,1
651,399,12
652,399,21
653,400,16
654,400,27
655,401,28
656,402,4
657,403,28
658,404,1
659,405,19
660,405,21
661,406,10
662,407,7
663,407,21
664,408,16
665,409,6
666,410,10
667,411,19
668,411,21
669,412,28
670,413,24
671,414,1
672,415,16
673,416,4
674,416,5
675,416,20
676,417,19
677,418,6
678,418,21
679,419,18
680,419,11
681,419,17
682,420,10
683,420,12
684,420,21
685,421,10
686,422,4
687,422,5
688,422,20
689,423,1
690,423,21
691,424,4
692,424,20
693,425,26
694,426,7
695,426,21
696,427,28
697,428,24
698,429,16
699,430,10
700,430,12
701,431,24
702,432,10
703,433,4
704,433,5
705,434,2
706,434,5
707,435,19
708,435,21
709,436,7
710,437,10
711,438,8
712,439,23
713,440,8
714,440,21
715,441,28
716,442,4
717,442,20
718,443,16
719,443,27
720,444,18
721,444,11
722,445,2
723,445,21
724,446,29
725,447,8
726,447,21
727,448,18
728,448,11
729,448,17
730,449,10
731,450,16
732,450,14
733,451,10
734,452,28
735,453,10
736,453,12
737,453,21
738,454,24
739,455,16
740,456,8
741,457,23
742,457,4
743,458,16
744,458,27
745,459,18
746,459,11
747,460,29
748,461,19
749,462,4
750,462,5
751,463,10
752,464,24
753,465,23
754,465,22
755,465,4
756,466,7
757,467,24
758,467,25
759,468,4
760,468,20
761,469,28
762,470,16
763,470,14
764,470,27
765,471,10
766,472,10
767,473,8
768,474,16
769,474,27
770,474,26
771,475,19
772,475,21
773,476,16
774,476,27
775,476,26
776,477,6
777,478,22
778,478,21
779,479,6
780,479,20
781,480,26
782,481,16
783,481,14
784,482,24
785,483,18
786,483,11
787,483,17
788,484,16
789,484,14
790,485,24
791,486,10
792,487,6
793,488,16
794,488,27
795,489,24
796,490,22
797,490,21
798,491,16
799,492,28
800,493,10
801,494,4
802,494,21
803,495,19
804,496,1
805,496,21
806,497,16
807,497,27
808,497,26
809,498,16
810,498,14
811,499,4
812,499,5
813,499,20
814,500,10
815,500,21
816,501,10
817,502,10
818,503,16
819,503,27
820,504,23
821,504,4
822,505,4
823,505,20
824,505,21
825,506,10
826,507,4
827,507,5
828,508,4
829,508,20
830,509,4
831,510,16
832,510,14
833,511,16
834,512,2
835,512,5
836,513,26
837,513,16
838,514,1
839,515,2
840,516,16
841,516,27
842,516,26
843,517,1
844,517,21
845,518,4
846,518,20
847,519,8
848,519,21
849,520,16
850,520,27
851,520,26
852,521,7
853,522,10
854,523,28
855,524,10
856,525,10
857,526,16
858,526,14
859,526,15
860,527,4
861,527,5
862,527,21
863,528,4
864,528,5
865,528,20
866,529,10
867,530,8
868,531,16
869,531,27
870,532,16
871,533,19
872,533,21
873,534,24
874,534,25
875,535,16
876,535,15
877,535,27
878,536,29
879,537,24
880,538,28
881,539,4
882,539,20
883,540,10
884,541,10
885,542,24
886,543,2
887,543,21
888,544,28
889,545,26
890,545,21
891,546,10
892,547,29
893,548,6
894,549,2
895,550,12
896,550,21
897,551,28
898,552,4
899,552,5
900,552,20
901,553,18
902,553,11
903,554,10
904,555,4
905,555,5
906,555,21
907,556,28
908,557,18
909,557,11
910,558,19
911,559,18
912,559,11
913,560,10
914,561,16
915,561,14
916,562,6
917,562,20
918,563,10
919,564,29
920,565,4
921,565,21
922,566,10
923,566,12
924,567,10
925,568,24
926,569,18
927,569,11
928,569,17
929,570,10
930,571,16
931,571,14
932,571,27
933,572,28
934,573,10
935,574,10
936,575,24
937,576,16
938,576,27
939,576,26
940,577,28
941,578,12
942,578,13
943,578,21
944,579,26
945,579,21
946,580,10
947,580,12
948,580,21
949,581,4
950,581,20
951,582,26
952,583,10
953,584,16
954,585,4
955,585,5
956,586,18
957,586,11
958,586,17
959,587,16
960,588,10
961,589,1
962,590,10
963,590,21
964,591,16
965,592,10
966,592,12
967,593,18
968,593,11
969,593,17
970,594,7
971,594,21
972,595,1
973,595,21
974,596,4
975,596,5
976,596,20
977,597,1
978,598,19
979,598,20
980,598,21
981,599,28
982,600,10
983,601,29
984,602,16
985,602,27
986,602,26
987,603,22
988,604,16
989,604,27
990,604,26
991,605,4
992,605,21
993,606,16
994,607,29
995,608,10
996,609,16
997,610,16
998,611,16
999,611,14
1000,611,15
1001,612,8
1002,613,1
1003,614,10
1004,614,21
1005,615,10
1006,616,23
1007,616,4
1008,617,10
1009,618,16
1010,619,19
1011,619,21
1012,620,26
1013,620,21
1014,621,10
1015,621,12
1016,622,16
1017,622,15
1018,622,27
1019,623,16
1020,623,27
1021,623,26
1022,624,19
1023,624,20
1024,625,24
1025,626,10
1026,627,16
1027,627,14
1028,628,28
1029,629,10
1030,630,10
1031,631,26
1032,632,10
1033,633,8
1034,634,16
1035,635,7
1036,636,10
1037,637,4
1038,638,10
1039,638,12
1040,639,7
1041,640,18
1042,640,11
1043,640,17
1044,641,18
1045,641,11
1046,642,26
1047,642,20
1048,642,21
1049,643,28
1050,644,29
1051,645,16
1052,645,27
1053,645,26
1054,646,4
1055,647,24
1056,648,24
1057,649,10
1058,650,22
1059,650,21
1060,651,22
1061,651,21
1062,652,24
1063,653,10
1064,654,10
1065,654,12
1066,654,21
1067,655,24
1068,656,29
1069,657,4
1070,657,20
1071,658,24
1072,659,16
1073,659,15
1074,659,27
1075,660,4
1076,661,28
1077,662,7
1078,662,21
1079,663,18
1080,663,11
1081,664,16
1082,664,27
1083,664,26
1084,665,28
1085,666,2
1086,667,7
1087,668,1
1088,668,21
1089,669,4
1090,669,21
1091,670,19
1092,671,19
1093,671,21
1094,672,4
1095,673,12
1096,673,21
1097,674,26
1098,674,20
1099,674,21
1100,675,6
1101,675,20
1102,676,22
1103,676,21
1104,677,8
1105,677,21
1106,678,18
1107,678,11
1108,679,8
1109,680,18
1110,680,11
1111,680,17
1112,681,18
1113,681,11
1114,681,17
1115,682,4
1116,682,5
1117,682,20
1118,683,16
1119,683,14
1120,684,4
1121,684,5
1122,684,20
1123,685,16
1124,685,14
1125,686,26
1126,687,10
1127,688,10
1128,689,16
1129,689,27
1130,690,10
1131,691,16
1132,691,27
1133,692,22
1134,692,21
1135,693,16
1136,694,18
1137,694,11
1138,695,4
1139,695,5
1140,695,20
1141,696,10
1142,697,12
1143,698,4
1144,699,18
1145,699,11
1146,699,17
1147,700,18
1148,700,11
1149,700,17
1150,701,28
1151,702,29
1152,703,24
1153,704,1
1154,704,21
1155,705,16
1156,705,15
1157,705,27
1158,706,18
1159,706,11
1160,707,4
1161,707,5
1162,707,20
1163,708,10
1164,709,24
1165,710,24
1166,711,24
1167,711,25
1168,712,16
1169,712,14
1170,713,26
1171,714,28
1172,715,12
1173,715,21
1174,716,16
1175,716,14
1176,717,16
1177,717,27
1178,718,4
1179,718,5
1180,718,21
1181,719,6
1182,720,2
1183,720,21
1184,721,19
1185,721,20
1186,722,7
1187,723,7
1188,723,21
1189,724,28
1190,725,12
1191,726,1
1192,726,21
1193,727,28
1194,728,10
1195,729,24
1196,730,1
1197,730,21
1198,731,10
1199,732,28
1200,733,8
1201,734,16
1202,734,27
1203,735,23
1204,735,4
1205,736,10
1206,736,21
1207,737,18
1208,737,11
1209,737,17
1210,738,19
1211,738,20
1212,738,21
1213,739,10
1214,740,16
1215,741,28
1216,742,6
1217,742,20
1218,742,21
1219,743,23
1220,744,16
1221,744,27
1222,744,26
1223,745,10
1224,746,8
1225,746,21
1226,747,10
1227,748,24
1228,749,16
1229,749,14
1230,750,24
1231,751,16
1232,751,27
1233,752,4
1234,752,5
1235,752,20
1236,753,2
1237,753,5
1238,753,21
1239,754,10
1240,755,23
1241,755,22
1242,756,10
1243,756,12
1244,757,1
1245,758,7
1246,759,24
1247,760,18
1248,760,11
1249,760,17
1250,761,19
1251,762,16
1252,762,14
1253,763,8
1254,764,7
1255,764,21
1256,765,6
1257,765,20
1258,765,21
1259,766,19
1260,766,21
1261,767,4
1262,767,5
1263,768,4
1264,768,5
1265,769,23
1266,769,4
1267,770,22
1268,770,21
1269,771,26
1270,772,10
1271,773,16
1272,773,15
1273,773,27
1274,774,16
1275,774,14
1276,774,15
1277,775,23
1278,775,4
1279,776,16
1280,777,10
1281,777,12
1282,778,26
1283,778,21
1284,779,7
1285,780,10
1286,780,21
1287,781,26
1288,781,21
1289,782,18
1290,782,11
1291,783,10
1292,784,2
1293,784,21
1294,785,16
1295,785,27
1296,786,8
1297,786,21
1298,787,16
1299,788,10
1300,788,12
1301,788,21
1302,789,16
1303,789,14
1304,790,10
1305,791,10
1306,791,21
1307,792,16
1308,792,27
1309,792,26
1310,793,18
1311,793,11
1312,793,17
1313,794,16
1314,795,18
1315,795,11
1316,796,18
1317,796,11
1318,797,4
1319,797,5
1320,798,24
1321,799,24
1322,800,23
1323,800,4
1324,801,28
1325,802,4
1326,803,23
1327,804,10
1328,805,7
1329,805,21
1330,806,28
1331,807,6
1332,807,20
1333,807,21
1334,808,10
1335,809,18
1336,809,11
1337,810,2
1338,810,21
1339,811,6
1340,811,20
1341,812,18
1342,812,11
1343,813,28
1344,814,7
1345,815,10
1346,816,10
1347,816,12
1348,816,21
1349,817,19
1350,818,16
1351,819,10
1352,820,28
1353,821,8
1354,822,18
1355,822,11
1356,822,17
1357,823,16
1358,824,19
1359,824,20
1360,824,21
1361,825,10
1362,825,12
1363,826,24
1364,827,22
1365,827,21
1366,828,10
1367,828,12
1368,829,16
1369,829,14
1370,829,27
1371,830,4
1372,830,21
1373,831,29
1374,832,10
1375,833,16
1376,834,10
1377,835,18
1378,835,11
1379,836,22
1380,837,19
1381,837,21
1382,838,4
1383,838,5
1384,839,18
1385,839,11
1386,839,17
1387,840,10
1388,841,23
1389,842,26
1390,842,21
1391,843,6
1392,844,10
1393,845,10
1394,846,28
1395,847,10
1396,848,7
1397,849,6
1398,849,20
1399,850,4
1400,850,20
1401,851,24
1402,852,7
1403,853,2
1404,853,5
1405,853,21
1406,854,19
1407,855,19
1408,856,16
1409,856,15
1410,856,27
1411,857,10
1412,858,26
1413,858,20
1414,859,16
1415,860,24
1416,860,25
1417,861,24
1418,862,4
1419,863,16
1420,863,14
1421,864,12
1422,864,21
1423,865,16
1424,865,27
1425,866,16
1426,867,7
1427,868,24
1428,869,16
1429,869,14
1430,870,10
1431,871,16
1432,871,15
1433,872,28
1434,873,16
1435,873,14
1436,874,10
1437,875,16
1438,875,15
1439,875,27
1440,876,10
1441,877,19
1442,878,10
1443,879,12
1444,879,13
1445,880,10
1446,881,10
1447,881,12
1448,882,16
1449,882,27
1450,882,26
1451,883,29
1452,884,7
1453,885,24
1454,885,25
1455,886,16
1456,886,14
1457,887,6
1458,887,21
1459,888,22
1460,889,8
1461,890,10
1462,891,4
1463,891,5
1464,892,10
1465,893,16
1466,893,14
1467,893,15
1468,894,23
1469,894,4
1470,895,4
1471,895,20
1472,896,4
1473,896,20
1474,896,21
1475,897,23
1476,897,22
1477,898,22
1478,898,21
1479,899,10
1480,899,21
1481,900,1
1482,901,16
1483,902,10
1484,903,29
1485,904,12
1486,904,21
1487,905,24
1488,906,10
1489,906,21
1490,907,16
1491,908,16
1492,909,24
1493,909,25
1494,910,6
1495,911,19
1496,911,20
1497,911,21
1498,912,4
1499,912,21
1500,913,23
1501,913,22
1502,914,10
1503,915,22
1504,916,7
1505,916,21
1506,917,10
1507,918,26
1508,919,16
1509,919,14
1510,920,29
1511,921,10
1512,922,18
1513,922,11
1514,922,17
1515,923,10
1516,924,2
1517,924,5
1518,925,28
1519,926,18
1520,926,11
1521,926,17
1522,927,7
1523,928,24
1524,928,25
1525,929,16
1526,929,14
1527,930,19
1528,930,21
1529,931,16
1530,931,14
1531,932,4
1532,932,5
1533,932,20
1534,933,12
1535,934,10
1536,935,19
1537,935,20
1538,936,16
1539,936,27
1540,936,26
1541,937,16
1542,938,24
1543,938,25
1544,939,16
1545,939,27
1546,940,10
1547,941,16
1548,941,27
1549,942,16
1550,943,28
1551,944,16
1552,944,27
1553,944,26
1554,945,19
1555,945,20
1556,945,21
1557,946,16
1558,946,14
1559,946,27
1560,947,10
1561,947,21
1562,948,10
1563,949,10
1564,950,19
1565,951,16
1566,952,16
1567,952,27
1568,952,26
1569,953,24
1570,954,10
1571,954,12
1572,954,21
1573,955,16
1574,955,27
1575,956,4
1576,956,20
1577,956,21
1578,957,4
1579,958,7
1580,959,19
1581,959,20
1582,960,10
1583,961,10
1584,961,21
1585,962,16
1586,963,10
1587,964,10
1588,965,23
1589,966,6
1590,967,2
1591,967,5
1592,968,16
1593,968,27
1594,969,16
1595,969,27
1596,970,29
1597,971,10
1598,971,12
1599,971,21
1600,972,4
1601,972,20
1602,973,2
1603,973,5
1604,974,6
1605,975,24
1606,976,18
1607,976,11
1608,976,17
1609,977,10
1610,978,10
1611,979,10
1612,980,10
1613,981,16
1614,981,14
1615,982,10
1616,982,12
1617,982,21
1618,983,1
1619,983,21
1620,984,6
1621,984,21
1622,985,1
1623,985,21
1624,986,1
1625,987,10
1626,988,10
1627,988,21
1628,989,12
1629,989,13
1630,989,21
1631,990,4
1632,990,21
1633,991,18
1634,991,11
1635,992,4
1636,992,20
1637,993,7
1638,994,16
1639,995,18
1640,995,11
1641,995,17
1642,996,18
1643,996,11
1644,997,1
1645,998,28
1646,999,22
1647,999,21
1648,1000,10
1649,1001,4
1650,1001,20
1651,1002,10
1652,1002,21
1653,1003,4
1654,1003,20
1655,1004,26
1656,1004,16
1657,1005,18
1658,1005,11
1659,1005,17
1660,1006,7
1661,1007,18
1662,1007,11
1663,1008,2
1664,1008,5
1665,1009,24
1666,1010,4
1667,1011,23
1668,1011,4
1669,1012,4
1670,1012,5
1671,1013,6
1672,1013,21
1673,1014,8
1674,1015,6
1675,1015,20
1676,1016,22
1677,1017,10
1678,1017,21
1679,1018,19
1680,1019,28
1681,1020,10
1682,1020,12
1683,1021,28
1684,1022,24
1685,1022,25
1686,1023,29
1687,1024,4
1688,1024,20
1689,1025,10
1690,1026,24
1691,1026,25
1692,1027,16
1693,1028,10
1694,1028,12
1695,1029,16
1696,1029,27
1697,1030,10
1698,1031,4
1699,1031,5
1700,1032,10
1701,1032,12
1702,1033,29
1703,1034,8
1704,1034,21
1705,1035,16
1706,1036,16
1707,1036,15
1708,1036,27
1709,1037,4
1710,1037,20
1711,1037,21
1712,1038,16
1713,1039,10
1714,1039,21
1715,1040,28
1716,1041,2
1717,1041,5
1718,1042,18
1719,1042,11
1720,1042,17
1721,1043,10
1722,1044,18
1723,1044,11
1724,1044,17
1725,1045,22
1726,1045,21
1727,1046,24
1728,1047,4
1729,1047,20
1730,1048,8
1731,1048,21
1732,1049,1
1733,1049,21
1734,1050,4
1735,1050,5
1736,1051,18
1737,1051,11
1738,1051,17
1739,1052,16
1740,1052,14
1741,1052,15
1742,1053,6
1743,1053,20
1744,1054,10
1745,1054,12
1746,1055,2
1747,1055,5
1748,1055,21
1749,1056,22
1750,1057,4
1751,1057,20
1752,1058,18
1753,1058,11
1754,1059,28
1755,1060,16
1756,1060,14
1757,1061,29
1758,1062,23
1759,1062,4
1760,1063,1
1761,1063,21
1762,1064,4
1763,1064,5
1764,1064,20
1765,1065,4
1766,1065,20
1767,1065,21
1768,1066,4
1769,1066,21
1770,1067,19
1771,1067,20
1772,1067,21
1773,1068,16
1774,1069,16
1775,1070,10
1776,1070,21
1777,1071,29
1778,1072,28
1779,1073,10
1780,1073,21
1781,1074,10
1782,1075,2
1783,1075,5
1784,1075,21
1785,1076,16
1786,1076,27
1787,1077,10
1788,1078,6
1789,1079,19
1790,1079,20
1791,1080,10
1792,1081,29
1793,1082,10
1794,1083,8
1795,1083,21
1796,1084,24
1797,1085,10
1798,1085,21
1799,1086,16
1800,1086,14
1801,1087,16
1802,1087,14
1803,1088,7
1804,1089,10
1805,1090,4
1806,1090,20
1807,1091,10
1808,1092,28
1809,1093,12
1810,1093,21
1811,1094,10
1812,1095,23
1813,1095,22
1814,1095,4
1815,1096,23
1816,1096,22
1817,1097,10
1818,1098,18
1819,1098,11
1820,1099,7
1821,1100,10
1822,1101,22
1823,1101,21
1824,1102,16
1825,1102,27
1826,1103,18
1827,1103,11
1828,1103,17
1829,1104,4
1830,1104,21
1831,1105,28
1832,1106,19
1833,1107,10
1834,1108,16
1835,1108,27
1836,1109,7
1837,1109,21
1838,1110,10
1839,1110,12
1840,1110,21
1841,1111,10
1842,1112,26
1843,1113,4
1844,1114,16
1845,1114,14
1846,1115,12
1847,1115,21
1848,1116,18
1849,1116,11
1850,1117,6
1851,1117,21
1852,1118,6
1853,1118,20
1854,1119,4
1855,1119,5
1856,1119,20
1857,1120,16
1858,1120,14
1859,1121,10
1860,1122,18
1861,1122,11
1862,1123,24
1863,1124,19
1864,1125,16
1865,1125,14
1866,1126,24
1867,1127,19
1868,1127,21
1869,1128,4
1870,1128,5
1871,1128,21
1872,1129,16
1873,1129,14
1874,1130,16
1875,1130,27
1876,1130,26
1877,1131,19
1878,1131,20
1879,1132,26
1880,1133,28
1881,1134,19
1882,1135,4
1883,1135,5
1884,1135,20
1885,1136,16
1886,1137,1
1887,1137,21
1888,1138,24
1889,1138,25
1890,1139,4
1891,1139,21
1892,1140,4
1893,1140,20
1894,1140,21
1895,1141,24
1896,1142,4
1897,1143,29
1898,1144,10
1899,1145,6
1900,1146,7
1901,1146,21
1902,1147,29
1903,1148,10
1904,1148,21
1905,1149,10
1906,1150,16
1907,1150,15
1908,1151,24
1909,1152,12
1910,1152,13
1911,1153,16
1912,1153,27
1913,1153,26
1914,1154,26
1915,1154,20
1916,1155,10
1917,1155,21
1918,1156,4
1919,1156,21
1920,1157,10
1921,1158,4
1922,1159,10
1923,1160,19
1924,1160,20
1925,1160,21
1926,1161,24
1927,1162,10
1928,1163,24
1929,1164,2
1930,1164,5
1931,1165,7
1932,1165,21
1933,1166,22
1934,1167,26
1935,1167,16
1936,1168,16
1937,1168,27
1938,1169,8
1939,1170,7
1940,1171,24
1941,1172,10
1942,1173,26
1943,1174,16
1944,1175,16
1945,1175,14
1946,1175,15
1947,1176,16
1948,1177,4
1949,1177,21
1950,1178,4
1951,1179,10
1952,1179,21
1953,1180,4
1954,1180,20
1955,1181,8
1956,1182,10
1957,1182,21
1958,1183,10
1959,1184,2
1960,1184,21
1961,1185,16
1962,1185,27
1963,1186,12
1964,1186,13
1965,1187,16
1966,1187,27
1967,1188,10
1968,1189,6
1969,1189,20
1970,1189,21
1971,1190,26
1972,1190,16
1973,1191,10
1974,1192,18
1975,1192,11
1976,1193,4
1977,1193,20
1978,1194,29
1979,1195,10
1980,1196,8
1981,1197,1
1982,1198,10
1983,1198,21
1984,1199,26
1985,1199,21
1986,1200,23
1987,1200,22
1988,1200,4
1989,1201,19
1990,1202,24
1991,1203,10
1992,1204,10
1993,1205,16
1994,1205,14
1995,1206,16
1996,1206,27
1997,1207,16
1998,1207,27
1999,1207,26
2000,1208,26
2001,1209,10
2002,1210,16
2003,1210,27
2004,1211,19
2005,1211,20
2006,1211,21
2007,1212,10
2008,1213,16
2009,1213,14
2010,1214,26
2011,1214,21
2012,1215,19
2013,1216,16
2014,1216,14
2015,1217,28
2016,1218,24
2017,1219,19
2018,1219,20
2019,1220,1
2020,1220,21
2021,1221,10
2022,1222,24
2023,1223,6
2024,1223,20
2025,1224,8
2026,1224,21
2027,1225,24
2028,1226,10
2029,1227,28
2030,1228,22
2031,1229,16
2032,1229,14
2033,1230,28
2034,1231,28
2035,1232,19
2036,1232,21
2037,1233,10
2038,1234,10
2039,1234,12
2040,1235,26
2041,1236,18
2042,1236,11
2043,1236,17
2044,1237,8
2045,1237,21
2046,1238,10
2047,1239,19
2048,1240,22
2049,1240,21
2050,1241,10
2051,1242,12
2052,1243,22
2053,1243,21
2054,1244,16
2055,1244,27
2056,1245,28
2057,1246,2
2058,1247,10
2059,1248,26
2060,1248,21
2061,1249,24
2062,1250,24
2063,1251,29
2064,1252,8
2065,1252,21
2066,1253,22
2067,1254,24
2068,1255,7
2069,1256,28
2070,1257,4
2071,1258,24
2072,1259,16
2073,1260,7
2074,1260,21
2075,1261,19
2076,1261,21
2077,1262,24
2078,1263,26
2079,1263,21
2080,1264,22
2081,1265,12
2082,1265,21
2083,1266,18
2084,1266,11
2085,1267,29
2086,1268,28
2087,1269,29
2088,1270,16
2089,1271,18
2090,1271,11
2091,1271,17
2092,1272,10
2093,1273,10
2094,1274,10
2095,1275,4
2096,1275,5
2097,1275,21
2098,1276,8
2099,1277,16
2100,1277,14
2101,1278,6
2102,1278,21
2103,1279,26
2104,1280,28
2105,1281,16
2106,1282,4
2107,1282,5
2108,1283,24
2109,1284,16
2110,1284,27
2111,1285,26
2112,1286,10
2113,1286,21
2114,1287,10
2115,1288,4
2116,1288,21
2117,1289,28
2118,1290,4
2119,1290,20
2120,1291,16
2121,1291,14
2122,1291,27
2123,1292,22
2124,1292,21
2125,1293,4
2126,1293,5
2127,1293,21
2128,1294,16
2129,1294,14
2130,1295,16
2131,1296,18
2132,1296,11
2133,1296,17
2134,1297,18
2135,1297,11
2136,1298,18
2137,1298,11
2138,1299,10
2139,1300,26
2140,1301,19
2141,1301,20
2142,1301,21
2143,1302,2
2144,1302,5
2145,1303,4
2146,1304,6
2147,1304,21
2148,1305,24
2149,1306,16
2150,1306,27
2151,1307,7
2152,1307,21
2153,1308,16
2154,1308,14
2155,1308,15
2156,1309,22
2157,1310,16
2158,1310,27
2159,1311,10
2160,1312,4
2161,1312,21
2162,1313,8
2163,1313,21
2164,1314,10
2165,1314,12
2166,1315,10
2167,1316,16
2168,1317,16
2169,1318,29
2170,1319,10
2171,1320,8
2172,1321,7
2173,1322,26
2174,1322,16
2175,1323,1
2176,1324,10
2177,1325,24
2178,1325,25
2179,1326,18
2180,1326,11
2181,1326,17
2182,1327,10
2183,1328,24
2184,1329,7
2185,1330,4
2186,1330,5
2187,1331,22
2188,1332,26
2189,1333,1
2190,1334,26
2191,1335,10
2192,1336,7
2193,1337,24
2194,1338,1
2195,1338,21
2196,1339,19
2197,1340,2
2198,1340,5
2199,1341,6
2200,1341,20
2201,1341,21
2202,1342,26
2203,1342,21
2204,1343,19
2205,1343,21
2206,1344,10
2207,1345,8
2208,1346,10
2209,1347,8
2210,1348,26
2211,1348,20
2212,1348,21
2213,1349,4
2214,1349,5
2215,1350,1
2216,1350,21
2217,1351,18
2218,1351,11
2219,1351,17
2220,1352,22
2221,1353,4
2222,1353,5
2223,1353,20
2224,1354,10
2225,1355,4
2226,1355,20
2227,1355,21
2228,1356,10
2229,1356,21
2230,1357,16
2231,1357,27
2232,1358,10
2233,1359,16
2234,1359,27
2235,1360,18
2236,1360,11
2237,1361,16
2238,1362,16
2239,1362,14
2240,1363,18
2241,1363,11
2242,1363,17
2243,1364,29
2244,1365,12
2245,1365,21
2246,1366,6
2247,1367,29
2248,1368,24
2249,1369,4
2250,1369,5
2251,1369,21
2252,1370,10
2253,1371,16
2254,1371,14
2255,1372,4
2256,1372,5
2257,1372,21
2258,1373,18
2259,1373,11
2260,1374,18
2261,1374,11
2262,1375,22
2263,1376,10
2264,1376,21
2265,1377,4
2266,1377,20
2267,1377,21
2268,1378,18
2269,1378,11
2270,1378,17
2271,1379,19
2272,1380,10
2273,1381,19
2274,1382,8
2275,1382,21
2276,1383,24
2277,1384,4
2278,1384,21
2279,1385,18
2280,1385,11
2281,1386,4
2282,1386,5
2283,1386,21
2284,1387,22
2285,1388,22
2286,1389,10
2287,1390,22
2288,1390,21
2289,1391,4
2290,1392,22
2291,1393,26
2292,1393,20
2293,1393,21
2294,1394,26
2295,1395,26
2296,1396,10
2297,1396,12
2298,1396,21
2299,1397,16
2300,1398,10
2301,1399,10
2302,1399,12
2303,1400,7
2304,1401,10
2305,1402,6
2306,1402,21
2307,1403,18
2308,1403,11
2309,1404,18
2310,1404,11
2311,1405,19
2312,1405,20
2313,1406,4
2314,1407,16
2315,1408,10
2316,1409,24
2317,1410,10
2318,1411,16
2319,1411,27
2320,1412,6
2321,1413,8
2322,1413,21
2323,1414,22
2324,1414,21
2325,1415,26
2326,1415,16
2327,1416,6
2328,1416,20
2329,1416,21
2330,1417,22
2331,1418,7
2332,1418,21
2333,1419,16
2334,1419,14
2335,1419,27
2336,1420,29
2337,1421,10
2338,1422,16
2339,1423,28
2340,1424,19
2341,1425,19
2342,1425,21
2343,1426,16
2344,1427,10
2345,1428,16
2346,1428,14
2347,1429,4
2348,1429,21
2349,1430,19
2350,1430,20
2351,1430,21
2352,1431,19
2353,1432,4
2354,1433,26
2355,1434,7
2356,1434,21
2357,1435,12
2358,1435,21
2359,1436,8
2360,1436,21
2361,1437,24
2362,1438,10
2363,1439,1
2364,1440,10
2365,1440,21
2366,1441,2
2367,1442,24
2368,1443,18
2369,1443,11
2370,1444,28
2371,1445,16
2372,1446,10
2373,1447,16
2374,1447,14
2375,1447,15
2376,1448,7
2377,1449,16
2378,1449,14
2379,1450,19
2380,1451,6
2381,1451,20
2382,1452,10
2383,1453,19
2384,1453,21
2385,1454,22
2386,1455,16
2387,1455,27
2388,1456,2
2389,1456,5
2390,1457,8
2391,1458,16
2392,1458,14
2393,1458,15
2394,1459,23
2395,1459,22
2396,1460,6
2397,1460,21
2398,1461,4
2399,1461,20
2400,1462,10
2401,1463,22
2402,1463,21
2403,1464,10
2404,1465,24
2405,1466,24
2406,1467,19
2407,1467,21
2408,1468,18
2409,1468,11
2410,1469,10
2411,1470,16
2412,1470,27
2413,1470,26
2414,1471,19
2415,1471,20
2416,1471,21
2417,1472,10
2418,1473,24
2419,1474,19
2420,1475,10
2421,1476,6
2422,1476,20
2423,1477,24
2424,1477,25
2425,1478,16
2426,1478,27
2427,1479,29
2428,1480,26
2429,1480,21
2430,1481,29
2431,1482,10
2432,1483,4
2433,1483,5
2434,1484,24
2435,1485,28
2436,1486,29
2437,1487,10
2438,1488,16
2439,1488,27
2440,1488,26
2441,1489,4
2442,1489,5
2443,1489,20
2444,1490,1
2445,1491,8
2446,1492,4
2447,1492,5
2448,1492,20
2449,1493,10
2450,1494,10
2451,1495,10
2452,1496,26
2453,1496,21
2454,1497,2
2455,1497,5
2456,1497,21
2457,1498,19
2458,1499,10
2459,1500,24
2460,1500,25
2461,1501,1
2462,1502,4
2463,1502,20
2464,1503,16
2465,1503,14
2466,1504,1
2467,1505,8
2468,1505,21
2469,1506,12
2470,1506,21
2471,1507,16
2472,1507,27
2473,1508,16
2474,1508,27
2475,1509,16
2476,1509,14
2477,1510,12
2478,1511,4
2479,1512,16
2480,1513,10
2481,1514,10
2482,1514,21
2483,1515,28
2484,1516,16
2485,1516,14
2486,1516,27
2487,1517,23
2488,1517,22
2489,1518,10
2490,1518,12
2491,1518,21
2492,1519,28
2493,1520,4
2494,1521,16
2495,1521,27
2496,1522,19
2497,1523,28
2498,1524,23
2499,1524,4
2500,1525,10
2501,1526,18
2502,1526,11
2503,1527,18
2504,1527,11
2505,1528,10
2506,1529,4
2507,1529,5
2508,1530,6
2509,1531,4
2510,1532,7
2511,1533,23
2512,1534,10
2513,1535,16
2514,1535,27
2515,1536,6
2516,1536,21
2517,1537,8
2518,1538,16
2519,1538,14
2520,1539,8
2521,1539,21
2522,1540,4
2523,1540,20
2524,1541,18
2525,1541,11
2526,1541,17
2527,1542,24
2528,1543,28
2529,1544,4
2530,1545,18
2531,1545,11
2532,1545,17
2533,1546,4
2534,1546,5
2535,1546,20
2536,1547,16
2537,1547,14
2538,1547,15
2539,1548,4
2540,1548,20
2541,1549,26
2542,1550,10
2543,1550,12
2544,1551,10
2545,1552,6
2546,1552,21
2547,1553,10
2548,1554,24
2549,1555,24
2550,1555,25
2551,1556,22
2552,1557,4
2553,1557,20
2554,1557,21
2555,1558,4
2556,1559,10
2557,1559,12
2558,1559,21
2559,1560,28
2560,1561,10
2561,1562,18
2562,1562,11
2563,1562,17
2564,1563,4
2565,1564,8
2566,1565,18
2567,1565,11
2568,1565,17
2569,1566,16
2570,1567,10
2571,1568,28
2572,1569,10
2573,1569,21
2574,1570,10
2575,1571,22
2576,1571,21
2577,1572,28
2578,1573,16
2579,1573,14
2580,1573,15
2581,1574,10
2582,1574,12
2583,1574,21
2584,1575,10
2585,1576,16
2586,1576,27
2587,1576,26
2588,1577,19
2589,1577,21
2590,1578,26
2591,1579,4
2592,1579,20
2593,1579,21
2594,1580,28
2595,1581,24
2596,1582,10
2597,1582,12
2598,1582,21
2599,1583,4
2600,1584,4
2601,1584,5
2602,1584,20
2603,1585,4
2604,1586,16
2605,1586,27
2606,1586,26
2607,1587,16
2608,1587,14
2609,1587,27
2610,1588,2
2611,1589,1
2612,1589,21
2613,1590,19
2614,1590,20
2615,1591,4
2616,1591,5
2617,1592,24
2618,1593,6
2619,1593,21
2620,1594,28
2621,1595,16
2622,1595,27
2623,1595,26
2624,1596,22
2625,1597,6
2626,1597,20
2627,1598,8
2628,1599,12
2629,1600,19
2630,1600,20
2631,1601,12
2632,1601,13
2633,1602,7
2634,1602,21
2635,1603,28
2636,1604,10
2637,1605,16
2638,1606,10
2639,1606,12
2640,1607,4
2641,1607,20
2642,1608,4
2643,1608,21
2644,1609,6
2645,1609,20
2646,1609,21
2647,1610,18
2648,1610,11
2649,1610,17
2650,1611,19
2651,1612,16
2652,1612,14
2653,1613,6
2654,1614,6
2655,1615,10
2656,1615,21
2657,1616,10
2658,1617,16
2659,1617,27
2660,1618,16
2661,1619,10
2662,1619,12
2663,1619,21
2664,1620,16
2665,1620,14
2666,1621,24
2667,1621,25
2668,1622,28
2669,1623,24
2670,1624,16
2671,1625,16
2672,1625,14
2673,1626,26
2674,1627,24
2675,1627,25
2676,1628,16
2677,1629,16
2678,1629,14
2679,1630,16
2680,1631,23
2681,1631,4
2682,1632,8
2683,1632,21
2684,1633,28
2685,1634,16
2686,1635,24
2687,1636,18
2688,1636,11
2689,1637,16
2690,1638,2
2691,1638,5
2692,1638,21
2693,1639,7
2694,1639,21
2695,1640,28
2696,1641,10
2697,1642,10
2698,1643,28
2699,1644,19
2700,1644,20
2701,1644,21
2702,1645,8
2703,1646,18
2704,1646,11
2705,1647,10
2706,1648,10
2707,1648,21
2708,1649,16
2709,1649,14
2710,1650,10
2711,1651,12
2712,1651,13
2713,1651,21
2714,1652,28
2715,1653,6
2716,1653,20
2717,1653,21
2718,1654,4
2719,1654,20
2720,1655,4
2721,1655,20
2722,1655,21
2723,1656,4
2724,1656,5
2725,1657,18
2726,1657,11
2727,1658,22
2728,1659,16
2729,1660,24
2730,1661,24
2731,1662,16
2732,1663,10
2733,1664,6
2734,1664,21
2735,1665,10
2736,1665,21
2737,1666,16
2738,1666,27
2739,1667,8
2740,1667,21
2741,1668,16
2742,1668,14
2743,1669,16
2744,1670,4
2745,1670,5
2746,1670,21
2747,1671,16
2748,1671,15
2749,1671,27
2750,1672,7
2751,1673,24
2752,1674,4
2753,1674,5
2754,1674,20
2755,1675,16
2756,1676,28
2757,1677,18
2758,1677,11
2759,1677,17
2760,1678,7
2761,1679,16
2762,1679,27
2763,1680,19
2764,1680,21
2765,1681,16
2766,1681,27
2767,1682,19
2768,1682,21
2769,1683,10
2770,1684,18
2771,1684,11
2772,1685,7
2773,1685,21
2774,1686,24
2775,1686,25
2776,1687,1
2777,1688,4
2778,1688,5
2779,1689,10
2780,1690,10
2781,1691,26
2782,1692,10
2783,1693,18
2784,1693,11
2785,1694,16
2786,1695,1
2787,1695,21
2788,1696,10
2789,1697,16
2790,1697,27
2791,1698,28
2792,1699,16
2793,1699,14
2794,1699,27
2795,1700,10
2796,1701,10
2797,1701,12
2798,1701,21
2799,1702,4
2800,1702,5
2801,1703,16
2802,1703,14
2803,1704,18
2804,1704,11
2805,1705,4
2806,1706,10
2807,1706,21
2808,1707,28
2809,1708,8
2810,1709,4
2811,1710,24
2812,1711,16
2813,1712,4
2814,1712,5
2815,1712,20
2816,1713,24
2817,1714,16
2818,1715,10
2819,1716,16
2820,1716,27
2821,1717,22
2822,1718,26
2823,1718,21
2824,1719,16
2825,1720,23
2826,1720,22
2827,1721,7
2828,1722,16
2829,1722,14
2830,1723,10
2831,1723,12
2832,1723,21
2833,1724,16
2834,1724,27
2835,1725,10
2836,1725,12
2837,1725,21
2838,1726,6
2839,1726,20
2840,1727,6
2841,1727,20
2842,1728,6
2843,1728,20
2844,1729,10
2845,1730,18
2846,1730,11
2847,1731,10
2848,1731,12
2849,1732,16
2850,1732,27
2851,1733,26
2852,1733,21
2853,1734,16
2854,1735,16
2855,1735,27
2856,1736,18
2857,1736,11
2858,1736,17
2859,1737,10
2860,1738,1
2861,1739,24
2862,1740,4
2863,1740,5
2864,1740,20
2865,1741,28
2866,1742,1
2867,1743,28
2868,1744,16
2869,1744,14
2870,1745,16
2871,1746,19
2872,1747,23
2873,1747,4
2874,1748,24
2875,1749,10
2876,1750,8
2877,1751,8
2878,1752,1
2879,1753,16
2880,1753,27
2881,1754,16
2882,1754,14
2883,1755,6
2884,1756,26
2885,1757,6
2886,1758,2
2887,1759,24
2888,1760,2
2889,1760,5
2890,1760,21
2891,1761,16
2892,1761,27
2893,1762,16
2894,1762,14
2895,1763,26
2896,1764,1
2897,1765,28
2898,1766,16
2899,1766,27
2900,1767,16
2901,1767,14
2902,1767,15
2903,1768,4
2904,1768,20
2905,1768,21
2906,1769,2
2907,1769,5
2908,1770,10
2909,1770,12
2910,1770,21
2911,1771,29
2912,1772,7
2913,1773,16
2914,1774,28
2915,1775,19
2916,1776,10
2917,1777,10
2918,1778,1
2919,1778,21
2920,1779,4
2921,1780,26
2922,1781,10
2923,1782,16
2924,1782,14
2925,1782,15
2926,1783,24
2927,1784,28
2928,1785,16
2929,1786,10
2930,1787,24
2931,1788,1
2932,1789,7
2933,1790,16
2934,1790,27
2935,1791,10
2936,1792,26
2937,1792,20
2938,1793,6
2939,1794,24
2940,1795,10
2941,1796,10
2942,1796,12
2943,1797,18
2944,1797,11
2945,1798,24
2946,1799,24
2947,1800,28
2948,1801,10
2949,1802,26
2950,1802,20
2951,1803,16
2952,1803,15
2953,1803,27
2954,1804,16
2955,1804,27
2956,1804,26
2957,1805,26
2958,1805,21
2959,1806,10
2960,1807,19
2961,1807,20
2962,1807,21
2963,1808,4
2964,1808,5
2965,1808,20
2966,1809,16
2967,1809,14
2968,1810,18
2969,1810,11
2970,1811,16
2971,1812,16
2972,1812,27
2973,1813,4
2974,1813,5
2975,1813,20
2976,1814,19
2977,1815,4
2978,1815,5
2979,1815,20
2980,1816,4
2981,1817,16
2982,1818,4
2983,1818,21
2984,1819,24
2985,1819,25
2986,1820,16
2987,1820,27
2988,1821,4
2989,1822,6
2990,1822,20
2991,1823,28
2992,1824,16
2993,1825,10
2994,1826,10
2995,1826,12
2996,1826,21
2997,1827,26
2998,1828,24
2999,1829,16
3000,1829,27
3001,1829,26
3002,1830,24
3003,1831,16
3004,1831,27
3005,1832,7
3006,1833,16
3007,1834,29
3008,1835,26
3009,1835,20
3010,1836,4
3011,1836,20
3012,1836,21
3013,1837,12
3014,1838,16
3015,1839,24
3016,1839,25
3017,1840,22
3018,1841,29
3019,1842,23
3020,1842,22
3021,1843,6
3022,1843,20
3023,1844,26
3024,1844,16
3025,1845,10
3026,1846,7
3027,1847,16
3028,1847,14
3029,1847,15
3030,1848,26
3031,1849,6
3032,1849,21
3033,1850,28
3034,1851,19
3035,1851,20
3036,1852,24
3037,1853,16
3038,1853,14
3039,1853,27
3040,1854,29
3041,1855,4
3042,1855,21
3043,1856,10
3044,1857,16
3045,1857,27
3046,1858,4
3047,1858,21
3048,1859,16
3049,1859,27
3050,1860,28
3051,1861,4
3052,1861,5
3053,1862,10
3054,1863,16
3055,1864,8
3056,1865,1
3057,1866,10
3058,1866,12
3059,1867,10
3060,1868,16
3061,1868,27
3062,1868,26
3063,1869,19
3064,1869,20
3065,1869,21
3066,1870,22
3067,1870,21
3068,1871,16
3069,1871,27
3070,1872,26
3071,1873,10
3072,1874,16
3073,1874,27
3074,1874,26
3075,1875,16
3076,1876,16
3077,1877,26
3078,1878,28
3079,1879,24
3080,1880,4
3081,1880,20
3082,1881,4
3083,1881,21
3084,1882,6
3085,1882,21
3086,1883,16
3087,1883,27
3088,1883,26
3089,1884,18
3090,1884,11
3091,1885,10
3092,1886,10
3093,1886,12
3094,1887,28
3095,1888,10
3096,1889,8
3097,1889,21
3098,1890,10
3099,1890,12
3100,1891,10
3101,1891,12
3102,1891,21
3103,1892,10
3104,1892,12
3105,1893,4
3106,1893,21
3107,1894,6
3108,1894,21
3109,1895,10
3110,1896,26
3111,1896,20
3112,1897,16
3113,1898,24
3114,1899,24
3115,1900,28
3116,1901,4
3117,1901,20
3118,1901,21
3119,1902,29
3120,1903,26
3121,1903,21
3122,1904,18
3123,1904,11
3124,1905,26
3125,1905,20
3126,1905,21
3127,1906,22
3128,1906,21
3129,1907,2
3130,1907,21
3131,1908,29
3132,1909,16
3133,1910,10
3134,1911,4
3135,1911,20
3136,1912,16
3137,1912,27
3138,1912,26
3139,1913,18
3140,1913,11
3141,1914,7
3142,1914,21
3143,1915,19
3144,1915,20
3145,1916,4
3146,1916,20
3147,1917,28
3148,1918,7
3149,1918,21
3150,1919,10
3151,1920,6
3152,1920,21
3153,1921,24
3154,1922,2
3155,1922,5
3156,1923,4
3157,1923,21
3158,1924,16
3159,1924,27
3160,1925,16
3161,1925,14
3162,1926,19
3163,1926,20
3164,1927,16
3165,1927,15
3166,1928,1
3167,1928,21
3168,1929,16
3169,1929,27
3170,1929,26
3171,1930,4
3172,1930,5
3173,1930,20
3174,1931,12
3175,1932,16
3176,1932,14
3177,1933,8
3178,1933,21
3179,1934,16
3180,1935,10
3181,1936,10
3182,1937,24
3183,1937,25
3184,1938,28
3185,1939,10
3186,1939,12
3187,1939,21
3188,1940,24
3189,1941,19
3190,1942,26
3191,1942,16
3192,1943,26
3193,1943,21
3194,1944,18
3195,1944,11
3196,1944,17
3197,1945,16
3198,1945,14
3199,1946,26
3200,1946,20
3201,1947,18
3202,1947,11
3203,1948,28
3204,1949,28
3205,1950,28
3206,1951,10
3207,1952,16
3208,1952,27
3209,1953,26
3210,1954,2
3211,1954,5
3212,1954,21
3213,1955,4
3214,1955,21
3215,1956,1
3216,1957,16
3217,1957,27
3218,1958,19
3219,1958,20
3220,1958,21
3221,1959,18
3222,1959,11
3223,1960,4
3224,1960,5
3225,1960,20
3226,1961,19
3227,1961,20
3228,1962,16
3229,1962,27
3230,1962,26
3231,1963,16
3232,1963,27
3233,1964,26
3234,1965,4
3235,1965,20
3236,1966,10
3237,1967,19
3238,1967,20
3239,1968,24
3240,1969,16
3241,1970,16
3242,1970,14
3243,1970,27
3244,1971,18
3245,1971,11
3246,1971,17
3247,1972,28
3248,1973,2
3249,1973,5
3250,1974,28
3251,1975,4
3252,1975,5
3253,1976,26
3254,1977,1
3255,1978,10
3256,1978,21
3257,1979,16
3258,1979,14
3259,1980,24
3260,1981,16
3261,1981,27
3262,1981,26
3263,1982,28
3264,1983,24
3265,1984,26
3266,1985,19
3267,1985,21
3268,1986,28
3269,1987,29
3270,1988,19
3271,1989,4
3272,1990,24
3273,1991,16
3274,1991,14
3275,1992,10
3276,1993,26
3277,1993,20
3278,1994,10
3279,1994,21
3280,1995,16
3281,1995,14
3282,1996,16
3283,1996,27
3284,1997,7
3285,1998,28
3286,1999,19
3287,1999,21
3288,2000,28
3289,2001,18
3290,2001,11
3291,2002,2
3292,2002,5
3293,2003,10
3294,2004,18
3295,2004,11
3296,2005,10
3297,2006,26
3298,2006,20
3299,2006,21
3300,2007,16
3301,2007,27
3302,2008,19
3303,2008,20
3304,2009,16
3305,2009,27
3306,2009,26
3307,2010,26
3308,2011,10
3309,2012,29
3310,2013,18
3311,2013,11
3312,2014,10
3313,2014,12
3314,2015,16
3315,2015,14
3316,2016,16
3317,2016,27
3318,2017,10
3319,2018,10
3320,2019,26
3321,2019,20
3322,2020,16
3323,2020,27
3324,2021,16
3325,2021,14
3326,2022,2
3327,2023,16
3328,2023,27
3329,2024,16
3330,2024,27
3331,2025,29
3332,2026,19
3333,2026,20
3334,2026,21
3335,2027,24
3336,2028,24
3337,2029,26
3338,2029,16
3339,2030,8
3340,2031,16
3341,2031,14
3342,2032,16
3343,2032,14
3344,2033,19
3345,2034,28
3346,2035,23
3347,2035,4
3348,2036,28
3349,2037,26
3350,2037,20
3351,2038,18
3352,2038,11
3353,2039,10
3354,2040,16
3355,2041,10
3356,2041,12
3357,2041,21
3358,2042,4
3359,2042,5
3360,2042,21
3361,2043,16
3362,2044,4
3363,2045,18
3364,2045,11
3365,2046,24
3366,2046,25
3367,2047,10
3368,2048,16
3369,2048,27
3370,2049,18
3371,2049,11
3372,2049,17
3373,2050,29
3374,2051,28
3375,2052,10
3376,2053,4
3377,2053,20
3378,2053,21
3379,2054,4
3380,2054,5
3381,2055,18
3382,2055,11
3383,2056,16
3384,2056,27
3385,2056,26
3386,2057,18
3387,2057,11
3388,2058,16
3389,2058,27
3390,2059,12
3391,2060,18
3392,2060,11
3393,2061,24
3394,2062,24
3395,2063,4
3396,2063,5
3397,2063,20
3398,2064,10
3399,2065,16
3400,2066,10
3401,2067,19
3402,2067,21
3403,2068,28
3404,2069,2
3405,2070,10
3406,2071,24
3407,2072,10
3408,2073,10
3409,2074,19
3410,2074,21
3411,2075,8
3412,2075,21
3413,2076,4
3414,2076,5
3415,2077,28
3416,2078,8
3417,2079,24
3418,2080,4
3419,2080,5
3420,2080,21
3421,2081,22
3422,2082,10
3423,2083,18
3424,2083,11
3425,2083,17
3426,2084,16
3427,2084,27
3428,2085,24
3429,2086,19
3430,2087,16
3431,2087,27
3432,2087,26
3433,2088,16
3434,2089,4
3435,2089,5
3436,2089,21
3437,2090,4
3438,2091,10
3439,2092,22
3440,2093,8
3441,2094,24
3442,2094,25
3443,2095,26
3444,2096,16
3445,2096,27
3446,2096,26
3447,2097,16
3448,2097,27
3449,2097,26
3450,2098,16
3451,2098,27
3452,2099,16
3453,2100,22
3454,2101,16
3455,2101,14
3456,2102,29
3457,2103,18
3458,2103,11
3459,2104,16
3460,2104,14
3461,2105,16
3462,2105,15
3463,2106,12
3464,2106,21
3465,2107,6
3466,2107,20
3467,2108,10
3468,2109,10
3469,2110,18
3470,2110,11
3471,2110,17
3472,2111,2
3473,2112,16
3474,2112,27
3475,2113,16
3476,2113,14
3477,2113,27
3478,2114,16
3479,2115,16
3480,2116,6
3481,2117,24
3482,2118,26
3483,2118,20
3484,2119,10
3485,2120,10
3486,2121,28
3487,2122,18
3488,2122,11
3489,2122,17
3490,2123,29
3491,2124,16
3492,2124,15
3493,2124,27
3494,2125,16
3495,2125,27
3496,2126,4
3497,2127,16
3498,2127,27
3499,2128,4
3500,2128,5
3501,2128,20
3502,2129,6
3503,2129,21
3504,2130,16
3505,2130,27
3506,2131,26
3507,2131,20
3508,2132,10
3509,2133,16
3510,2133,27
3511,2134,4
3512,2134,21
3513,2135,19
3514,2135,21
3515,2136,24
3516,2136,25
3517,2137,16
3518,2137,27
3519,2138,16
3520,2138,27
3521,2139,10
3522,2139,21
3523,2140,16
3524,2140,27
3525,2141,18
3526,2141,11
3527,2141,17
3528,2142,8
3529,2142,21
3530,2143,8
3531,2143,21
3532,2144,26
3533,2145,24
3534,2145,25
3535,2146,4
3536,2147,29
3537,2148,16
3538,2148,27
3539,2149,24
3540,2150,2
3541,2150,5
3542,2151,16
3543,2151,14
3544,2152,7
3545,2152,21
3546,2153,16
3547,2154,16
3548,2154,27
3549,2155,16
3550,2156,16
3551,2156,14
3552,2157,16
3553,2158,4
3554,2158,5
3555,2158,20
3556,2159,16
3557,2159,27
3558,2160,8
3559,2160,21
3560,2161,10
3561,2161,12
3562,2161,21
3563,2162,22
3564,2163,26
3565,2164,16
3566,2164,14
3567,2165,16
3568,2165,27
3569,2166,19
3570,2166,20
3571,2166,21
3572,2167,4
3573,2167,21
3574,2168,7
3575,2169,10
3576,2170,10
3577,2171,16
3578,2171,27
3579,2172,23
3580,2172,22
3581,2173,6
3582,2173,21
3583,2174,28
3584,2175,6
3585,2175,20
3586,2176,10
3587,2176,12
3588,2176,21
3589,2177,10
3590,2178,26
3591,2179,19
3592,2179,20
3593,2180,26
3594,2181,16
3595,2181,14
3596,2181,27
3597,2182,18
3598,2182,11
3599,2182,17
3600,2183,26
3601,2183,20
3602,2183,21
3603,2184,16
3604,2184,27
3605,2184,26
3606,2185,16
3607,2185,27
3608,2186,16
3609,2186,14
3610,2187,16
3611,2187,27
3612,2188,16
3613,2188,27
3614,2189,4
3615,2189,5
3616,2189,20
3617,2190,19
3618,2191,10
3619,2191,12
3620,2192,10
3621,2193,29
3622,2194,23
3623,2194,4
3624,2195,18
3625,2195,11
3626,2195,17
3627,2196,16
3628,2196,15
3629,2197,24
3630,2198,4
3631,2198,5
3632,2198,21
3633,2199,29
3634,2200,6
3635,2200,21
3636,2201,18
3637,2201,11
3638,2202,16
3639,2202,27
3640,2203,16
3641,2204,10
3642,2204,21
3643,2205,1
3644,2206,4
3645,2206,5
3646,2207,6
3647,2207,21
3648,2208,16
3649,2209,1
3650,2210,24
3651,2211,4
3652,2212,18
3653,2212,11
3654,2213,16
3655,2213,27
3656,2213,26
3657,2214,29
3658,2215,10
3659,2215,12
3660,2216,16
3661,2216,14
3662,2217,24
3663,2218,4
3664,2218,5
3665,2219,12
3666,2220,29
3667,2221,4
3668,2221,5
3669,2221,20
3670,2222,2
3671,2222,5
3672,2223,6
3673,2224,10
3674,2225,28
3675,2226,19
3676,2226,21
3677,2227,12
3678,2227,13
3679,2227,21
3680,2228,16
3681,2228,27
3682,2229,10
3683,2230,4
3684,2230,20
3685,2230,21
3686,2231,16
3687,2231,27
3688,2232,1
3689,2233,12
3690,2233,21
3691,2234,23
3692,2234,4
3693,2235,16
3694,2235,14
3695,2235,15
3696,2236,16
3697,2236,27
3698,2236,26
3699,2237,16
3700,2237,14
3701,2238,18
3702,2238,11
3703,2239,7
3704,2240,4
3705,2240,5
3706,2241,18
3707,2241,11
3708,2241,17
3709,2242,16
3710,2243,2
3711,2243,21
3712,2244,19
3713,2245,19
3714,2245,20
3715,2246,16
3716,2246,27
3717,2246,26
3718,2247,16
3719,2247,27
3720,2248,26
3721,2249,6
3722,2249,21
3723,2250,16
3724,2251,6
3725,2252,24
3726,2253,4
3727,2254,16
3728,2255,16
3729,2256,28
3730,2257,4
3731,2257,5
3732,2258,8
3733,2258,21
3734,2259,10
3735,2260,16
3736,2260,27
3737,2260,26
3738,2261,29
3739,2262,4
3740,2262,5
3741,2263,4
3742,2263,5
3743,2263,21
3744,2264,16
3745,2265,10
3746,2266,16
3747,2266,27
3748,2267,10
3749,2268,2
3750,2269,29
3751,2270,16
3752,2270,14
3753,2271,19
3754,2271,20
3755,2272,8
3756,2273,1
3757,2274,16
3758,2274,27
3759,2275,10
3760,2276,10
3761,2276,21
3762,2277,1
3763,2278,10
3764,2279,24
3765,2280,24
3766,2281,12
3767,2281,13
3768,2282,10
3769,2283,16
3770,2284,28
3771,2285,16
3772,2285,27
3773,2286,16
3774,2287,16
3775,2287,27
3776,2287,26
3777,2288,28
3778,2289,10
3779,2289,21
3780,2290,10
3781,2290,12
3782,2290,21
3783,2291,26
3784,2291,20
3785,2292,16
3786,2292,14
3787,2293,16
3788,2294,12
3789,2295,26
3790,2295,21
3791,2296,10
3792,2297,16
3793,2297,15
3794,2298,26
3795,2298,21
3796,2299,29
3797,2300,29
3798,2301,10
3799,2302,4
3800,2303,28
3801,2304,28
3802,2305,18
3803,2305,11
3804,2306,28
3805,2307,28
3806,2308,22
3807,2309,24
3808,2310,10
3809,2311,16
3810,2311,14
3811,2312,26
3812,2312,21
3813,2313,10
3814,2314,29
3815,2315,16
3816,2315,27
3817,2315,26
3818,2316,4
3819,2316,5
3820,2316,21
3821,2317,29
3822,2318,8
3823,2318,21
3824,2319,18
3825,2319,11
3826,2319,17
3827,2320,10
3828,2321,24
3829,2322,16
3830,2322,27
3831,2323,29
3832,2324,4
3833,2324,5
3834,2324,20
3835,2325,6
3836,2326,28
3837,2327,10
3838,2328,29
3839,2329,12
3840,2329,21
3841,2330,16
3842,2330,27
3843,2331,16
3844,2331,27
3845,2332,23
3846,2333,29
3847,2334,10
3848,2334,21
3849,2335,4
3850,2336,16
3851,2336,14
3852,2336,27
3853,2337,29
3854,2338,26
3855,2339,22
3856,2340,24
3857,2341,10
3858,2341,21
3859,2342,12
3860,2342,13
3861,2343,22
3862,2343,21
3863,2344,10
3864,2345,10
3865,2345,12
3866,2346,10
3867,2346,12
3868,2347,8
3869,2348,28
3870,2349,26
3871,2350,10
3872,2351,8
3873,2351,21
3874,2352,24
3875,2353,26
3876,2353,21
3877,2354,18
3878,2354,11
3879,2355,16
3880,2356,10
3881,2357,10
3882,2357,12
3883,2358,12
3884,2358,13
3885,2359,19
3886,2359,20
3887,2359,21
3888,2360,16
3889,2360,27
3890,2360,26
3891,2361,10
3892,2361,21
3893,2362,28
3894,2363,10
3895,2363,21
3896,2364,19
3897,2365,10
3898,2366,28
3899,2367,2
3900,2368,24
3901,2369,10
3902,2369,12
3903,2370,10
3904,2370,21
3905,2371,28
3906,2372,16
3907,2372,27
3908,2372,26
3909,2373,23
3910,2374,12
3911,2374,21
3912,2375,10
3913,2376,29
3914,2377,28
3915,2378,16
3916,2378,14
3917,2378,15
3918,2379,6
3919,2379,20
3920,2380,4
3921,2380,5
3922,2380,21
3923,2381,10
3924,2382,18
3925,2382,11
3926,2383,10
3927,2384,29
3928,2385,29
3929,2386,4
3930,2387,10
3931,2387,21
3932,2388,28
3933,2389,18
3934,2389,11
3935,2390,10
3936,2391,10
3937,2391,12
3938,2392,24
3939,2392,25
3940,2393,18
3941,2393,11
3942,2393,17
3943,2394,24
3944,2395,19
3945,2395,20
3946,2395,21
3947,2396,28
3948,2397,12
3949,2397,21
3950,2398,1
3951,2398,21
3952,2399,16
3953,2400,24
3954,2400,25
3955,2401,12
3956,2402,16
3957,2402,27
3958,2403,7
3959,2403,21
3960,2404,19
3961,2405,22
3962,2406,16
3963,2406,14
3964,2406,15
3965,2407,26
3966,2407,16
3967,2408,10
3968,2409,10
3969,2410,10
3970,2411,28
3971,2412,26
3972,2412,21
